City,Name,Overview,Age,Gender,Education,Occupation,Behaviors,Motivations,Pain Points,Opportunities
"Mechanicsburg, PA",Tech-Savvy Tina,An ambitious young professional striving for a balance between a demanding IT career and an active urban lifestyle.,29,Female,Master's in Business Administration,IT consultant,"Enjoys attending tech conferences and workshops; Often found at local coffee shops working or socializing; Values health & fitness; attends yoga and Pilates classes; Relies heavily on apps for daily activities like transportation, food, and banking","Desire to stay ahead in her career; Seeks a balanced lifestyle with leisure, health, and work",Struggling to find work-life balance; Keeping up with rapidly changing technology trends,Services that offer flexible timings or remote work options; Tech workshops or networking events; Fitness centers with flexible hours or online classes
"Mechanicsburg, PA",Soccer Mom Sarah,A dedicated school teacher juggling between her professional commitments and her children's activities.,38,Female,Bachelor's in Education,School teacher,Attends PTA meetings and school events; Plans family activities on weekends like picnics or movies; Shops mainly at local supermarkets,Providing a comfortable and enriching environment for her family; Engaging in community and school activities,Managing time between work and family; Finding age-appropriate activities for her children,Family-friendly events or establishments; Educational tools or platforms catering to both teachers and parents
"Mechanicsburg, PA",Gardener Gary,"A retiree who cherishes tranquility and community involvement, focusing on hobbies like gardening.",68,Male,High School Diploma,,Engages in community senior events; Regularly visits the local garden club; Enjoys serene activities like walking in the park,Seeking relaxation and engagement in hobbies; Desire to be an active community member,Potential health issues or mobility challenges; Finding engaging activities suitable for his age,Health services catering to senior citizens; Senior-friendly community events or workshops
"Mechanicsburg, PA",Bookish Bella,"An enthusiastic college student, eager to excel academically while also enjoying the quintessential college life.",21,Female,Undergraduate student in Sociology,,Participates in campus clubs and student associations; Frequents local cafes for study sessions; Attends college parties or events,Achieving high academic grades; Experiencing and making the most of her college years,Balancing academics with social life; Financial constraints typical for a student,"Discounts or loyalty programs aimed at students; Study tools, tutoring services, or academic workshops"
"Mechanicsburg, PA",Entrepreneurial Ethan,A driven bakery owner who's passionate about his local business and is always on the lookout for community engagement.,45,Male,,Bakery owner,"Networks with other local businesses; Invests time in community events, often as a sponsor; Active in local business associations",Expanding his business footprint in the local community; Building strong relations with fellow businesses,Facing competition from larger retail chains; Adapting to digital marketing trends,Local business networking events or partnerships; Digital marketing workshops tailored for local businesses
"Hanover, PA",Family-oriented Fiona,A dedicated mother and elementary school teacher who values family time and community involvement.,38,Female,Bachelor’s degree in Education,Elementary school teacher,Shops locally for family necessities; Regularly attends community and school events; Active on local social media groups and forums,Providing a stable and nurturing environment for her family; Being an active and positive influence in her community; Continual learning and self-improvement,"Struggles to balance work, personal time, and family duties; Limited entertainment options for children in town; Concerns about school funding and resources",Businesses can offer family-friendly events or discounts; Education-focused workshops or supplementary resources; Community-oriented initiatives or platforms for parents to connect and share resources
"Hanover, PA",Professional Paul,An ambitious young professional making his mark in the local business scene.,28,Male,Bachelor's degree in Computer Science,IT Specialist,Visits the gym 4 times a week; Enjoys dining out at trendy spots; Attends concerts or local events on weekends,Climbing the corporate ladder; Staying fit and healthy; Building a robust professional and social network,Lack of diverse dining or entertainment options in Hanover; Limited professional networking opportunities; Struggles with work-life balance,Co-working spaces or networking events; More diverse nightlife and entertainment options; Health and wellness workshops or events
"Hanover, PA",Retired Raymond,A recently retired mechanic who is exploring hobbies and spending time in the community.,67,Male,"High school diploma, vocational training",Retired mechanic,Regular visits to the local library; Gardening in his backyard; Participates in local history clubs,Staying mentally and physically active; Connecting with peers and the younger generation; Preserving and sharing local history,Limited senior-friendly recreational activities; Health-related concerns and access to healthcare; Feeling out of touch with newer technology,Classes or workshops on technology for seniors; Health and wellness events tailored for seniors; Community programs that bridge the gap between generations
"Hanover, PA",Entrepreneurial Emily,A passionate cafe owner with a keen interest in business growth and community collaboration.,45,Female,Associate’s degree in Business Administration,Cafe owner,Regularly attends town meetings; Networks with other local businesses for collaborations; Sources ingredients and materials locally,Expanding her business and brand recognition; Supporting the local economy and businesses; Creating a communal space for residents to connect,Challenges with local permits and regulations; Seasonal fluctuations in customer traffic; Difficulty in sourcing quality local ingredients year-round,Local business alliance or partnerships for mutual promotions; Community events hosted at local businesses; Workshops or seminars on business growth and strategies
"Hixson, TN",Jenny and Mark (Young Families),"A young, health-conscious couple with a small child and another on the way. They prioritize family activities and are looking for products and services to simplify their life.",32,Female (Jenny) & Male (Mark),Both have Bachelor's degrees,Jenny is a teacher; Mark is an IT professional,"Spend weekends at local parks, family restaurants, or organizing home activities; Regularly shop for baby and kid essentials; Prefer organic food and health products",Want the best education and environment for their children; Aim for a balanced work-life harmony; Prioritize family health and wellness,Finding quality time amidst busy schedules; Seeking affordable yet high-quality family-centric products; Managing family health,Advertise quality family events or activities; Offer promotions on child-friendly products or organic foods; Introduce educational programs or workshops for children
"Hixson, TN",George (Retirees),"A retired engineer who's active in the community, looking for local events and discounts.",68,Male,Bachelor's in Engineering,Retired Engineer,"Plays golf, gardens, and attends community meetings; Enjoys reading newspapers and watching local news; Frequently visits family and welcomes grandchildren","Stay active and involved in the community; Spend quality time with family, especially grandchildren; Pursue hobbies and leisure activities",Health and mobility concerns; Feeling out of touch with newer technologies; Managing finances post-retirement,"Advertise senior discounts, health services, or events; Organize workshops or classes on modern technology; Offer community-based programs or clubs targeting retirees"
"Hixson, TN",Ava (Professionals),"A single, ambitious marketing manager who enjoys networking and exploring local dining.",29,Female,Master's in Business Administration,Marketing Manager,Dines out on weekends and explores new cafes; Attends networking events and seminars; Works out regularly at a nearby fitness center,Professional growth and networking; Balancing work with leisure and relaxation; Staying fit and healthy,Managing work stress; Finding time for personal interests and hobbies; Seeking meaningful connections in the professional network,Advertise upscale dining or weekend getaway deals; Organize professional growth seminars or workshops; Offer memberships or deals for fitness and wellness centers
"Hixson, TN",Liam (Students),"A college student juggling studies with a part-time job, seeking affordable entertainment and deals.",21,Male,Undergraduate in Business,Part-time Barista,Hangs out at local music scenes or college spots; Seeks student discounts at eateries and cinemas; Studies at local cafes or libraries,Graduate with a good grade; Save money and manage expenses; Enjoy college life with friends,Managing academic pressures and work; Limited budget; Seeking internships or job opportunities post-graduation,Offer student discounts or deals; Organize career fairs or internship drives; Promote affordable entertainment or dining options
"Hixson, TN",Clara and Sam (Nature Enthusiasts),"A middle-aged couple passionate about bird-watching and nature, frequently involved in community clean-ups.",40s,Female & Male(Clara),College degrees,Clara is a librarian; Sam is an environmental scientist.,Visit local parks and natural spots on weekends; Participate in community environmental activities; Purchase eco-friendly products.,Explore and appreciate nature; Contribute to environmental conservation; Stay informed and involved in community activities.,Concerns over environmental degradation; Finding quality eco-friendly products; Balancing work with their outdoor interests.,Showcase local nature spots or eco-tours; Advertise eco-friendly products or workshops; Organize or sponsor community-based environmental events.
"Lexington, NC",BBQ Enthusiasts,"Passionate about all things barbecue, these individuals not only enjoy eating barbecue but are also keen on exploring different recipes, events, and experiences associated with it.",25-60,All genders,High school diploma or higher,"Varied, from blue-collar jobs to professionals",Visits local barbecue joints frequently; Attends BBQ festivals or events; Cooks or grills at home; Engages in online discussions about BBQ recipes or reviews,Discovering the best barbecue in town; Perfecting their own barbecue recipes; Being part of a community that shares their passion,Limited variety in local BBQ options; Finding authentic recipes or ingredients; Balancing their love for BBQ with health considerations,Host BBQ cooking classes or workshops; Offer loyalty programs in local BBQ joints; Introduce new and diverse BBQ recipes or dishes
"Lexington, NC",Local Families,"Families rooted in Lexington, focusing on raising their children in a safe, nurturing environment while staying connected to the community.",Parents 25-50,All genders,Some college or higher,Varied,Participation in school events; Weekend outings to local parks or recreational spots; Community engagement through local clubs or organizations,Providing a quality life for their children; Staying connected to the community; Ensuring their children get a good education and extracurricular experiences,"Limited family-friendly entertainment options; Balancing work, family, and personal time; Navigating challenges of modern parenting",Organize family-friendly events or festivals; Offer family discounts or package deals for local attractions; Develop community engagement initiatives targeting families
"Lexington, NC",Nature & Outdoors Lovers,Active individuals or families who find solace and rejuvenation in nature and outdoor activities.,20-60,All genders,High school diploma or higher,Varied,"Frequent visits to Uwharrie National Forest or similar spots; Participate in outdoor activities like hiking, camping, and boating; Invest in outdoor gear and equipment",Staying physically active and fit; Experiencing and connecting with nature; Seeking adventure and new experiences,Limited information on new trails or spots to explore; Environmental concerns like littering or damage to natural spots; Finding quality gear or equipment locally,Create and promote guided nature tours or treks; Establish or promote eco-friendly initiatives; Offer rental services for outdoor equipment
"Lexington, NC",Local Professionals,Dedicated professionals aiming to further their careers while contributing to the growth of Lexington's economy.,25-60,All genders,College degree or higher,Professionals in various sectors,Engage in local networking events; Continuous learning through seminars or workshops; Active on professional social networks like LinkedIn,Career growth and advancement; Building a professional network; Contributing to the local community's progress,Limited professional networking opportunities; Navigating work-life balance; Staying updated with industry trends and changes,Organize professional development workshops or seminars; Establish co-working spaces or professional hubs; Host industry-specific networking events
"Lexington, NC",Retirees,"Seniors enjoying their golden years in Lexington, seeking community, healthcare, and leisure opportunities.",60+,All genders,Varied,Retired,"Participation in senior community events or clubs; Regular medical check-ups or health routines; Leisure activities like gardening, reading, or traveling",Living a fulfilling and healthy post-retirement life; Staying connected with family and friends; Engaging in leisure or hobby-based activities,Limited senior-focused recreational options; Navigating health challenges or medical needs; Staying connected in an increasingly digital world,Develop senior-focused community centers or clubs; Offer healthcare services tailored to seniors; Organize workshops or classes on digital literacy for seniors
"St. Petersburg, FL","Tom, The Retiree",Tom is a recent retiree who moved from New York to enjoy his golden years in the sunny surroundings of St. Petersburg.,67,Male,Bachelor's degree in Business,Retired (Former corporate executive),Plays golf twice a week; Enjoys dining out; Often visits the beach; Attends senior community events,Seeking relaxation and leisure; Exploring new hobbies; Socializing and meeting fellow retirees,Adapting to a new environment; Finding age-specific activities; Health-related concerns,"Services that facilitate social connections (e.g., community clubs); Health and wellness offerings tailored to seniors; Specialized travel or activity packages"
"St. Petersburg, FL","Aisha, the young professional",A dynamic professional who recently relocated for a career opportunity and is eager to integrate into her new city.,32,Female,Master’s in Marketing,Marketing Manager,Often works from cafes; Enjoys weekend getaways; Attends networking events; Practices yoga,Career growth; Networking and making new friends; Exploring the city,Balancing work and leisure; Finding genuine networking opportunities; Navigating a new city's culture,Professional development workshops; Social events tailored to young professionals; Local travel or activity deals
"St. Petersburg, FL","Fernando & Maria, the vacationing couple",A young couple vacationing in St. Petersburg to enjoy a romantic getaway.,Late 20s,Male & Female,Bachelor's degrees,"IT Consultant (Fernando), School Teacher (Maria)",Prefer romantic dinners; Attend live shows; Explore art galleries,Strengthening their bond; Creating memorable experiences; Enjoying a break from routine,Finding authentic local experiences; Overly touristy spots,"Curated romantic packages (dinners, cruises); Personalized city tours; Exclusive event promotions"
"St. Petersburg, FL","Lisa, the local entreprenuer",A dedicated business owner with a keen interest in local market dynamics.,40,Female,Bachelor's in Fashion Design,Boutique store owner,Engages in local trade fairs; Collaborates with local artisans; Regularly scouts for trends,Growing her business; Supporting local economy; Staying updated on market trends,Competitive market; Maintaining a loyal customer base; Seasonal fluctuations in business,Collaborative events with other businesses; Training in digital marketing; Access to local artisans or producers
"St. Petersburg, FL","Evan, the student",An ambitious student keen on exploring all that St. Petersburg offers on a budget.,21,Male,Undergraduate (Marine Biology),Student,Frequently visits cheap eateries; Studies in local libraries or cafes; Enjoys student events or parties,Completing his degree with distinction; Making the most of his college years; Building connections for future employment,Limited budget; Academic pressures; Balancing social life and studies,Student discount promotions; Study spaces or co-working spots; Internship or part-time job offers
"St. Petersburg, FL","Nina, the art lover",A passionate art enthusiast who frequents St. Petersburg for its rich cultural scene.,55,Female,Master's in Art History,Art curator,Visits art festivals and gallery openings; Purchases artwork; Dines at upscale restaurants,Discovering new artists; Enriching her art collection; Engaging in cultural dialogues,Finding genuine and unique art pieces; Overcrowded events; Limited time during visits,Exclusive previews or early bird access to art events; Personalized art recommendations; Collaboration for art events or exhibitions
"Coraopolis, PA","Jake, The Young Professional","Jake is a tech-savvy professional, who, while primarily focused on his budding career, also loves to immerse himself in local culture and maintain a balanced lifestyle.",29,Male,Master's in Computer Science,IT Consultant,"Works from 9 am to 6 pm, often extended hours; Regular gym-goer; Weekends at local arts shows or craft beer spots; Enjoys online shopping and follows tech news.",Aspires to climb the corporate ladder; Wants to maintain a healthy lifestyle; Seeks local experiences and cultural immersion.,Balancing long work hours with personal life; Finding time for self-care; The challenge of networking in a new town.,"Services that support work-life balance, such as health and wellness programs; Local cultural events and networking opportunities; Tech-related workshops or events."
"Coraopolis, PA","Sophia, The Family Mother","Sophia is a dedicated mother and educator, always seeking the best for her children and juggling multiple roles seamlessly.",38,Female,Bachelor's in Education,Elementary school teacher,Daily routine revolves around family and work; Engages in PTA meetings; Reads parenting blogs and books; Enjoys gardening on weekends.,Providing a safe and enriching environment for her children; Continuous learning to be a better educator; Saving for her children's future.,Balancing work responsibilities with family time; Keeping up with educational trends; Managing household budgets.,Family-friendly activities or events; Educational workshops or tools; Budgeting or financial planning services.
"Coraopolis, PA","Robert, The Retiree","Robert, now enjoying the fruits of his long career, seeks leisure, learning, and community engagement in his retirement.",67,Male,Bachelor's in Civil Engineering,Retired engineer,"Mornings at the golf course; Attends community events; Reads extensively, particularly about local history.",Staying physically and mentally active; Connecting with peers and community; Enjoying his passions without work constraints.,Keeping up with technology trends; Health and mobility issues; Feeling out of touch with younger generations.,Classes or workshops tailored for seniors; Health and wellness services; Events fostering intergenerational connections.
"Coraopolis, PA","Emily, The College Student","Emily, a vibrant college student, is always on the lookout for the next trend, seeking both social experiences and academic success.",21,Female,Undergraduate in Business,Part-time barista,Engages in campus activities; Active on social media; Travels during breaks on a budget; Enjoys music festivals and local cafes.,Graduating with honors; Building a robust social circle; Exploring and experiencing the world.,"Managing academic stress; Balancing work, studies, and personal life; Financial constraints.",Affordable travel or entertainment options; Academic support or tutoring services; Part-time job opportunities or internships.
"Coraopolis, PA","Carlos, The Local Business Owner","Carlos, deeply rooted in his community, is driven by the ambition to see his business and town flourish.",45,Male,Associate's in Business Administration,Café owner,Spends most of his day at the café; Participates in local business forums; Listens to entrepreneurship podcasts; Enjoys family time during weekends.,Growing his café into a local landmark; Being a pillar in the community; Ensuring financial stability for his family.,Facing competition from big chains; Managing business finances; Keeping up with the evolving tastes of customers.,Local business collaborations or partnerships; Training workshops for small businesses; Community events or fests to increase local engagement.
"Millville, NJ","Jake, The Young Professional","Jake is a driven individual who has recently started his career in a tech firm. He's tech-savvy, ambitious, and looking to put down roots in Millville.",25-35,Male,Bachelor’s degree or higher,"Tech professional, possible in a startup or small company","Enjoys exploring local eateries and coffee shops; Regularly attends networking events and meetups; Utilizes tech in all aspects of his life, including for social activities.",Seeking professional growth and stability; Looking to build a social network in the area; Interested in finding local amenities and events.,Limited professional networking opportunities; Potential lack of age-specific social events; Balancing work and personal life.,Businesses can offer networking events or tech meetups; Promote local social events and eateries through targeted social media ads; Provide information on real estate and living options in Millville.
"Millville, NJ","Mia, The Family Mom","Mia is a caring and engaged mother, possibly balancing work with her family responsibilities. She’s deeply invested in her children’s lives and seeks out family-friendly activities.",30-45,Female,Varied,Mixed; could be a working professional or a stay-at-home mom,"Frequently visits parks, libraries, and family restaurants; Active in local parent and school communities; Utilizes social media to connect with other parents and for family ideas.",Providing enriching experiences for her children; Balancing family life with personal time or work; Building a network of other parents.,Finding affordable and varied family entertainment; Managing time effectively; Ensuring her children have access to quality education and activities.,Businesses can organize or sponsor family-friendly events; Provide parent-focused content and resources online; Offer promotions or discounts for family activities.
"Millville, NJ","Robert, The Retiree","Robert is a retired individual who has devoted a significant part of his life to work, potentially in public service or a local business, and now seeks to stay active and engaged.",60+,Male,Varied,Retired,Visits senior centers and participates in community events; Enjoys leisure activities like reading and gardening; May volunteer in local organizations.,Staying healthy and active; Giving back to the community; Building connections with peers.,Finding age-appropriate social and recreational activities; Navigating health services; Staying up-to-date with local news and events.,Provide information on local health services and recreational activities for seniors; Organize events or gatherings specifically for the older demographic; Ensure accessibility and senior-friendly services in public places.
"Millville, NJ","Linda, The Local Business Owner","Linda is a dedicated local business owner, possibly running a boutique or a small restaurant, and she is actively involved in the local business community.",35-55,Female,Varied,Business owner,Networks with other local businesses; Utilizes social media and online platforms for business promotion; Involved in local chambers of commerce or business groups.,Growing her business and reaching more customers; Contributing to and strengthening the local economy; Building a reputable and well-known local brand.,Facing competition from other local businesses and online retailers; Managing her online presence and keeping up with digital marketing trends; Balancing work and personal life.,Collaborate with other local businesses for cross-promotions; Utilize local marketing and advertising resources; Participate in community events to increase brand visibility.
"Cherry Hill, NJ","Jake, Young Professional",Jake is a tech-savvy individual who values career advancement and a balanced social life. He's at a point where he wants to explore the world and invest in his personal and professional growth.,30,Male,Bachelor’s degree in Computer Science,IT Specialist,Active gym-goer; Enjoys weekend trips; Passionate about the latest tech trends; Regularly socializes after work,Career growth; Personal development; Building a strong social network,Finding work-life balance; Staying updated with rapidly changing tech trends,Continued learning platforms; Networking events; Fitness programs tailored to busy professionals
"Cherry Hill, NJ","Maria, Mother in a Young Family","Maria is a dedicated mom and teacher, always juggling family responsibilities with her professional duties. She values quality time with her family and is always looking for ways to enhance her home and her kids' lives.",37,Female,Master’s in Education,Elementary School Teacher,Enjoys family picnics; Reads parenting blogs; Invests in home improvement projects; Regular PTA meetings attendee,Ensuring her children get the best education; Maintaining a happy and stable home,Juggling work and family time; Finding quality educational tools and resources,Family-oriented events; Home organization solutions; Educational tools and workshops
"Cherry Hill, NJ","Robert, Retiree","Robert is enjoying his golden years after a fulfilling career. With more leisure time, he’s invested in hobbies and health.",65,Male,Bachelor’s in Mechanical Engineering,Retired Engineer,Regular at the local golf club; Gardening during weekends; Travels domestically twice a year,Staying healthy; Engaging in leisurely activities; Connecting with peers,Health concerns; Adapting to new technology,Health and wellness programs; Tech workshops for seniors; Senior-friendly travel packages
"Cherry Hill, NJ","Emily, Vacation Property Owner","Emily is a savvy businesswoman who sees opportunities in property investment, especially in prime vacation spots.",42,Female,MBA,Business Owner,Regularly attends real estate seminars; Travels to Davenport to check her property quarterly; Active in online property investment forums,Growing her investment portfolio; Providing top-notch experiences for her renters,Property maintenance from afar; Keeping up with local regulations,Property management services; Local insights and market trends reports; Networking with other property owners
"Cherry Hill, NJ","Carlos, Local Business Owner",Carlos is deeply rooted in the Davenport community. He’s passionate about his restaurant and believes in supporting local ventures.,50,Male,Associate Degree in Culinary Arts,Restaurant Owner,Active member of the local business association; Regularly sources ingredients from local farmers; Often hosts community events at his restaurant,Growing his business; Serving the community; Building strong local partnerships,Navigating business regulations; Competing with chain establishments,Local business promotion events; Workshops on business innovation; Partnerships with local farmers and suppliers
"Vineland, NJ",Family-focused Fiona,Fiona is a dedicated mother always on the lookout for family-friendly activities and values local shopping to support her community.,38,Female,Bachelor's degree,Middle school teacher,Regularly attends PTA meetings; Shops at local grocery stores and farmer markets; Plans family outings on weekends; Active in local online community groups,Providing a wholesome upbringing for her children; Strengthening community bonds; Seeking value for money while shopping,"Lack of diverse family-oriented activities; Balancing work, personal life,  and family activities; Seeking good quality affordable products and services",Offer family discounts or bundles; Organize family-friendly events or workshops; Develop loyalty programs for frequent shoppers
"Vineland, NJ",Tech-savvy Tom,"Tom is a young professional keen on technology, enjoys local nightlife, and values career growth.",28,Male,Master's in Information Technology,IT consultant,Buys the latest tech gadgets; Eats out with friends on weekends; Attends tech seminars and webinars,Staying updated with the latest tech trends; Networking with peers; Enjoying a vibrant social life,Lack of tech stores or hubs locally; Few high-end dining or entertainment spots,Establish tech stores or repair hubs; Host tech events or seminars; Offer promotions at upscale restaurants and bars
"Vineland, NJ",Retired Raymond,"Raymond, now retired, enjoys a peaceful life in Vineland, engaging in local community activities.",72,Male,Bachelor's degree in Education,Retired schoolteacher,Active member of local clubs; Visits coffee shops frequently; Enjoys reading newspapers and watching the news,Staying connected with the community; Sharing experiences with peers; Seeking senior-specific deals and conveniences,Limited senior-focused activities; Lack of senior discounts at many places,Organize senior-specific events or classes; Offer senior discounts or early-bird specials
"Vineland, NJ",Farmer Freda,"Freda is a passionate farmer, always on the lookout for sustainable practices and agricultural innovations.",45,Female,Associate degree in Agriculture,Vineyard owner,Researches sustainable farming techniques; Attends agricultural fairs; Active in farmer co-operatives,Maximizing farm yield sustainably; Networking with fellow farmers; Keeping up with agricultural trends,Limited access to modern farming tech locally; Challenges with changing weather patterns,Introduce agricultural tech stores or workshops; Facilitate farmer networking events or fairs
"Vineland, NJ",Cultural Carlos,"Carlos, deeply rooted in his Hispanic heritage, seeks cultural connections in businesses and events.",32,Male,Bachelor's in Business Administration,Small business owner,Attends cultural festivals and events; Dines frequently at Hispanic eateries; Listens to Hispanic music,Preserving and celebrating his cultural heritage; Introducing friends to Hispanic traditions; Seeking businesses that cater to his cultural needs,Limited bilingual services in some businesses; Few cultural events or gatherings,Offer bilingual services or products; Organize or sponsor Hispanic cultural events or festivals
"Butler, PA","Jake, Young Professionals","Jake is a tech-savvy, up-and-coming professional who values work-life balance and is looking to establish his roots in Butler.",28,Male,Bachelor's Degree in Computer Science,IT Specialist,"Engages in online shopping and streaming services; Visits local bars, restaurants and gyms; Enthusiastic about new technology and gadgets",Career growth; Building a solid social network; Investing in assets like a car or home,Balancing demanding work schedules with personal life; Saving for major life investments; Navigating the complexities of adult responsibilities,Offerings related to home buying or renting; Networking events or local social groups; Tech stores or services discount deals for young professionals
"Butler, PA","Sarah, Established Families","Sarah is a dedicated mother and teacher, focused on providing the best for her family and ensuring a bright future for her children.",37,Female,Master's Degree in Education,School Teacher,Participates in parent-teacher meetings and school events; Shops for family needs home and garden products; Engages in local community and family events,Children's education and well-being; Family vacations and quality time; Financial security for her family's future,Managing work and family responsibilities; Budgeting for family expenses and future needs; Finding quality family entertainment or outing venues,"Family package deals or discounts; Educational tools or services for children; Home and garden solutions, local, and family events"
"Butler, PA","Ronald, Retirees","Ronald is a retired engineer enjoying his golden years, focusing on hobbies, and spending quality time with loved ones.",67,Male,Bachelor's Degree in Mechanical Engineering,Retired Engineer,"Engages in golf, reading, and gardening; Active member of local senior clubs and organizations; Enjoys leisurely travel and exploring new destinations",Maintaining good health and staying active; Spending time with grandchildren and family; Discovering new hobbies and travel destinations,Health concerns and medical expenses; Adjusting to a fixed income; Staying connected and avoiding feelings of isolation,Health and wellness programs or offerings; Travel packages or discounts for seniors; Local senior activities or clubs
"Butler, PA","Mia, Local College Students",Mia is a college student exploring her passions and looking forward to the future with ambition and curiosity.,20,Female,Pursuing a Bachelor's Degree in Biology,College Student,"Studies regularly and attends campus events; Hangs out at local student-friendly spots; Engages heavily in online activities, shopping, and streaming",Academic success and career prospects; Building lasting friendships and memories; Exploring and defining her personal identity,Balancing studies with personal and work commitments; Managing finances on a limited budget; Navigating uncertainties about the future,"Affordable dining or entertainment options for students; Study aids, tutoring services, or career guidance or career guidance; Special promotions or deals targeting the student demographic"
"Butler, PA","Carlos, Small Business Owners",Carlos is a passionate entrepreneur dedicated to serving the community with his café and aiming for business growth.,45,Male,Associate Degree in Business Management,Café Owner,Networks at local business events; Researches trends to innovate his café offerings; Values quality and customer feedback,Business growth and expansion; Maintaining a loyal customer base; Keeping up with industry trends and competition,Handling business overheads and fluctuating revenues; Keeping up with evolving customer expectations; Recruiting and retaining quality staff,Business networking events or platforms; Training or workshops tailored for small business needs; Local advertising or promotional opportunities to boost visibility
"Greenville, SC","David, Young Professionals in Greenville","David is an ambitious professional who’s rapidly climbing the career ladder in Greenville’s bustling downtown. He’s social, tech savvy,  and always on the lookout for the next networking opportunity or trendy spot in the city.",25-34,Male,Bachelor’s or master’s degree,Works in tech finance or healthcare,Frequently attends networking events; Explores new restaurants and bars; Enjoys live music and cultural events,Career growth; Building a strong professional network; Enjoying urban life,Work-life balance; Finding meaningful relationships; Managing stress,Offer networking events and professional development workshops; Promote trendy spots and cultural events; Provide stress-relief and wellness services
"Greenville, SC","Tina, Outdoor Enthusiasts in Greenville","Tina is passionate about the outdoors valuing her time hiking, biking, and exploring everything Greenville’s natural surroundings have to offer.",28-45,Female,Diverse educational backgrounds,Varied occupations, camping; Participating in outdoor groups and events,Physical health; Connection to nature; Community engagement,Balancing outdoor activities with work; Finding new trails and events,Provide information on outdoor activities and trails; Offer outdoor gear promotions; Organize group outdoor events
"Greenville, SC","Roger, Retirees in Greenville","Roger is enjoying his retirement by staying active in the community indulging in leisure activities,  and giving back through volunteering.",60-75,Male,Varied,"Possibly retired from education, healthcare or manufactoring","Golfing, attending local art shows and theaters, volunteering. Active member of local senior clubs and organizations; Enjoys leisurely travel and exploring new destinations",Maintaining good health and staying active; Spending time with grandchildren and family; Discovering new hobbies and travel destinations,Health issues; Desire for more social opportunities,Health and wellness programs or offerings; Travel packages or discounts for seniors; Local senior activities or clubs
"Greenville, SC","Stacy, College Students & Academics in Greenville",Stacy is a committed student striving for academic excellence while enjoying her college life in Greenville.,18-24,Female,Student at a local college or university,exploring future career options,"Attending sports games, participating in clubs, studying, socializing at campus events.",Academic success; Building friendships; Exploring future career options,Balancing studies with personal and social life; Managing finances on a limited budget; Navigating uncertainties about the future,Offer student discounts and promotions; Create study-friendly spaces; Provide internship and part-time job listings
"Greenville, SC","Brittany, Entrepreneurs & Small Business Owners in Greenville",Brittany is a passionate entrepreneur dedicated to growing her business and playing an active role in Greenville’s local economy.,28-50,Female,College educated,Small business owner,Networking with other business owners; Participating in community events; Seeking business advice,Business growth and expansion; Contributing to community development; Achieving personal success,Business challenges; Need for more local business support; Work-life balance,Provide networking events and business resources; Promote ‘shop local’ campaigns; Offer business mentoring and advisory services
"Sicklerville, NJ","Jessica, Family Focus","Jessica is a dedicated school teacher and mother of two, who is committed to providing the best for her family and students. She values education, safety, and quality family time.",37,Female,Bachelor’s Degree in Education,School Teacher,"Actively involved in her children’s education and extracurricular activities.
Shops at stores that offer family deals and educational resources.
Participates in community and school events.","To create a secure and nurturing environment for her family.
To excel in her teaching career and contribute positively to her students’ lives.
To find a good balance between work and family life.","Struggling to balance her responsibilities at work and home.
Finding enough quality time to spend with her family.
Managing the educational needs of her own children while excelling at her job.","Businesses can offer products and services that support education and family activities.
Promotions that target families, especially during back-to-school seasons.
Community events that encourage family participation and engagement."
"Sicklerville, NJ","Alex, Young Innovator","Alex is a young, ambitious software developer who is looking to make a mark in the tech industry. He is tech-savvy, enjoys socializing, and is always on the lookout for the next big thing.",28,Male,Master’s Degree in Computer Science,Software Developer,"Stays up-to-date with the latest tech trends and gadgets.
Frequents social gatherings and networking events.
Invests in luxury items and experiences.","To climb the career ladder and establish himself in the tech industry.
To build a strong professional network.
To enjoy his life to the fullest, balancing work and play.","Managing work-life balance.
Finding genuine connections and like-minded individuals.
Keeping up with the rapid pace of technological advancements.","Businesses can offer the latest tech products and gadgets.
Networking events and social gatherings targeted at young professionals.
Premium services and luxury experiences."
"Sicklerville, NJ","Margaret, Serene Retiree","Margaret is a retired nurse who has devoted her life to helping others. Now, she is focused on maintaining her health, staying active in her community, and enjoying her retirement.",70,Female,Associate Degree in Nursing,Retired Nurse,"Participates in community events and social gatherings for seniors.
Invests in healthcare and wellness products.
Volunteers at local organizations.","To maintain good health and an active lifestyle.
To stay connected with her community and contribute in meaningful ways.
To find age-appropriate social activities and friendships.","Managing health issues and finding reliable healthcare.
Feeling isolated or out of touch with younger family members.
Finding activities and communities that cater to her age group.","Products and services focused on health, wellness, and accessibility.Businesses can offer durable, sustainable outdoor products.
Promoting local outdoor events and conservation initiatives.
Services that support eco-friendly living and outdoor adventures.
Community events and social clubs for seniors.
Businesses that offer senior discounts and cater to their specific needs."
"Sicklerville, NJ","Carlos, Adventure Seeker","Carlos is an outdoor enthusiast who works as a guide, helping others explore and appreciate nature. He is passionate about adventure, sustainability, and living a balanced life.",32,Male,Bachelor’s Degree in Environmental Science,Outdoor Guide,Varies seasonally,"Spends most of his free time outdoors, hiking, camping, and exploring.
Invests in high-quality, sustainable outdoor gear.
Actively participates in and promotes environmental conservation efforts.","To explore new outdoor areas and share his love for adventure with others.
To maintain a sustainable and eco-friendly lifestyle.
To stay fit, healthy, and connected to nature.","Finding durable, eco-friendly outdoor gear.
Staying updated on local outdoor events and conservation efforts.
Balancing work commitments with his passion for outdoor adventures."
"Columbia, SC",College Clara,"Clara is a full-time college student, very active on social media, and loves to be in the know about the latest trends. She enjoys hanging out with friends and is very conscious of her budget.",21,Female,Pursuing a bachelor's degree,"Full-time student, part time retial","Engages heavily with social media, especially Instagram and TikTok.
Enjoys shopping for affordable fashion and beauty products.
Often eats out or orders food delivery.
Participates in college events and social gatherings.","Wants to maintain a good GPA while enjoying her college life.
Looks for affordable options that do not compromise too much on quality.","Limited budget.
Struggles to balance school, work, and social life.
Wants to participate in social activities but is often constrained by her budget.","Businesses can offer student discounts or bundle deals.
Affordable, trendy products are likely to catch her attention."
"Columbia, SC",Professional Paul,Paul is a young IT specialist who is keen on building his career and professional network in Columbia. He enjoys tech-related activities and outdoor adventures during his free time.,29,Male,Bachelor's degree in Computer Science,IT Specialist,"Active on LinkedIn and other professional networks.
Enjoys attending tech meetups and networking events.
Likes outdoor activities like hiking and camping during the weekends.
Enjoys trying out new craft beers and local cuisines.","Aims to climb up the career ladder and build a robust professional network.
Wants to maintain a balance between his professional and personal life.","Struggles to find time for both professional development and personal activities.
Seeks quality in products and services, but is also budget-conscious.","Businesses can offer networking events or professional development workshops.
Products or services that save him time and offer good value are attractive to him."
"Columbia, SC",Family Fiona,"Fiona is a teacher and a mother, deeply invested in her family's well-being and her children’s education. She is always on the lookout for family-friendly activities and educational resources.",38,Female,Master’s degree in Education,Teacher,"Spends a lot of time researching educational resources for her children.
Engages in family-oriented activities.
Regularly looks for home improvement ideas.
Values customer reviews and recommendations from other parents.","Aims to provide the best possible environment and resources for her family.
Aims to balance her work and family life effectively.
Is saving up for her children’s future education.","Balancing work, personal life, and family time.
Finding quality and affordable products and services for her family.","Businesses can offer family bundle deals or discounts.
Products or services that are both family-friendly and educational are attractive to her."
"Columbia, SC",Retired Ray,"Ray is a retired engineer, looking to stay active and connected with his community in Columbia. He enjoys playing golf, learning about local history, and participating in community events.",72,Male,Bachelor’s degree in Engineering,Retired,"Enjoys leisure activities like golf and attending community events.
Is interested in local history and enjoys visiting museums.
Values good customer service and brand loyalty.
Prefers traditional marketing channels for information.","Aims to stay physically active and mentally engaged.
Looks to connect with other retirees and be an active member of his community.","Managing healthcare costs on a fixed income.
Finding activities and communities that cater to his interests and age group.","Businesses can offer senior discounts or loyalty programs.
Products or services that focus on health and community engagement are attractive to him."
"Mobile, AL",Young Professionals Emily,"Emily is a vibrant graphic designer who enjoys the city life and has a keen interest in outdoor activities, arts, and the latest trends.",28,Female,Bachelor’s in Graphic Design,Graphic Designer,"Outdoor activities, visiting art galleries, dining at trendy restaurants, socializing with friends, staying updated with the latest tech and fashion trends.","Career advancement, maintaining a social and active lifestyle, supporting sustainable and ethical brands.","Balancing work and social life, finding genuine sustainable products.","Businesses can offer promotions through social media, create events for networking, and provide products that are both trendy and sustainable."
"Mobile, AL",Families The Johnsons,"The Johnsons are a family-oriented couple with two young children, looking for family-friendly activities and educational programs.",Mid-30s,Female & Male ,College-Educated,Middle-Class,"Weekend family outings, attending community events, seeking educational resources for children.","Providing a safe and nurturing environment for their children, connecting with other families, finding affordable family-friendly activities.","Limited family-specific activities, balancing work and family time, finding affordable educational resources.","Businesses can offer family packages, organize community family events, and provide educational yet fun products or services for children."
"Mobile, AL",Downtown Residents Michael,"Michael is a finance professional who enjoys the perks of city living, with a penchant for nightlife and fine dining.",35,Male,Bachelor’s in Finance,Finance Professional,"Dining at upscale restaurants, attending social events, enjoying nightlife.","Building a successful career, enjoying the conveniences of city living, socializing and networking.","Possible feelings of disconnection from nature or community, work-related stress.","Businesses can cater to his need for convenience and luxury, provide premium services and create opportunities for socializing and networking."
"Mobile, AL",Suburban Families Sarah and David,"Sarah and David are parents in their early 40s, living in the suburbs with their teenage children and actively participating in their local community.",Early 40s,Female & Male ,College-Educated,Homeowners,"Attending local sports events, participating in community gatherings, home improvement projects.","Providing a stable and supportive environment for their family, engaging in their community, improving their home’s value.","Balancing work and family life, finding time and resources for home improvement, connecting with teenage children.","Businesses can offer family-oriented products and services, engage in community events, and provide home improvement resources."
"Mobile, AL",Outdoor Enthusiasts Laura,Laura is a school teacher who spends her free time in outdoor activities and is passionate about environmental conservation.,32,Female,Bachelor’s in Education,School Teacher,"Hiking, kayaking, bird watching, participating in environmental activities.","Connecting with nature, contributing to environmental conservation, staying active and healthy.","Limited time during the school year, finding like-minded communities, access to conservation initiatives.","Businesses can offer outdoor and environmental-friendly products, sponsor conservation initiatives, and organize outdoor group activities."
"Mobile, AL",Art and Culture Aficionados Richard,"Richard is a well-established attorney with a love for art, theater, and history, actively participating in the local cultural scene.",50,Male,Law Degree,Attorney,"Visiting museums, attending art exhibits and theater performances, supporting local artists.","Cultural enrichment, supporting the arts and local history, personal development.","Limited time due to work commitments, desire for more high-quality cultural events.","Businesses can support and sponsor local arts and cultural events, offer products and services that cater to cultural interests."
"Mobile, AL",Bargain Hunters Betty,"Betty is a practical nurse and mother of three, always on the lookout for the best deals to support her family.",45,Female,Nursing Degree,Nurse,"Searching for sales and discounts, frequenting affordable family-friendly restaurants, participating in community groups.","Providing for her family, finding value for money, building a supportive community.","Balancing work, parenting, and finances, finding affordable activities for the family.","Businesses can offer promotions, loyalty programs, and create an inviting, community-friendly environment."
"Mobile, AL",Brand Loyalists James,"James is a retired military officer who values quality, reliability, and exceptional customer service in the brands he trusts.",60,Male,Military Education,Retired Military Officer,"Shopping at well-established brands, participating in veteran communities, playing golf.","Supporting trustworthy brands, maintaining a comfortable lifestyle, connecting with fellow veterans.","Adjusting to civilian life, finding brands that uphold his values.","Businesses can offer military discounts, create veteran-friendly initiatives, and ensure high-quality products and services."
"Erie, PA",College Student Carla,"Carla is a vibrant and active 22-year-old full-time student at a local university in Erie, PA. She balances her studies with a part-time job and tries to make the most out of her college years.",22,Female,Pursuing a Bachelor’s Degree,Part-time job in retail,"Regularly participates in outdoor activities and attends local concerts. Frequently dines out at affordable restaurants and food joints. Highly active on social media platforms like Instagram, Twitter, and TikTok. Uses streaming services for entertainment.",Desire to complete her degree with minimal debt. Looking to enjoy her college years and make lasting memories. Wants to stay connected with friends and be active in her community.,"Struggling to balance work, school, and social life. Financial stress due to student loans and low income from part-time job. Finding affordable entertainment and dining options.",Businesses can offer student discounts or promotions to attract her attention. Creating social media campaigns or influencers partnerships to reach her online. Organizing or sponsoring local events and concerts.
"Erie, PA",Working Parent Pat,"Pat is a 35-year-old manufacturing worker living in Erie, PA, with a spouse and two young children. He is hardworking and values stability and family time.",35,Male,High School Graduate,Manufacturing Worker,Enjoys watching local sports and participating in community events. Spends free time on home improvement projects. Actively searches for family-friendly activities and events. Occasionally shops online.,Seeking job stability to provide for his family. Prioritizes home ownership and creating a safe and comfortable living environment. Desires to spend quality time with his family.,Challenges in balancing work and family time. Finding affordable and engaging activities for the whole family. Managing household finances with a single income.,Businesses can offer family packages or group discounts to cater to his needs. Home improvement stores can provide DIY tips and promotions on relevant products. Local sports teams or community centers can organize family-friendly events.
"Erie, PA",Retired Ron,"Ron is a 68-year-old retired educator living comfortably in Erie, PA. He is active in his community, enjoys gardening, and has a keen interest in arts and culture.",68,Male,Master’s Degree,Retired (former educator),"Frequently visits local museums, galleries, and community events. Enjoys gardening and outdoor activities. Stays connected with friends and former colleagues through email and social gatherings.","Wants to stay active, both physically and socially. Aims to contribute to his community and maintain a sense of purpose. Seeks to enjoy his retirement years to the fullest.","Managing health and mobility issues as he ages. Finding ways to stay socially connected and avoid isolation. Navigating the digital world, as he is less tech-savvy than younger generations.",Businesses offering senior discounts or tailored services can attract his attention. Community centers and local organizations can organize events and activities for seniors. Healthcare providers can offer wellness programs and resources catered to seniors’ needs.
"Monroeville, PA",Suburban Mom - Sarah,Sarah is a 35-year-old part-time teacher and a devoted full-time mom living in the suburbs of Monroeville with her husband and two young children. She is deeply involved in her kids’ education and actively participates in community events.,35,Female,Bachelor's Degree in Education,Part-time Elementary School Teacher,Actively participates in PTA meetings. Engages in DIY home projects. Regularly attends community events and family-oriented activities. Frequently shops for home goods and children’s products.,Ensuring her children receive a high-quality education. Maintaining a well-balanced and organized family life. Contributing positively to her community.,"Managing her time effectively between work, family, and personal interests. Finding quality educational resources and activities for her children.",Businesses can offer family packages or promotions for local events and activities. Educational tools and resources that assist in child development. Home organization and DIY project supplies.
"Monroeville, PA",Young Professional - David,"David is a 28-year-old software developer, embracing the bustling life of a young professional. He is ambitious, tech-savvy, and constantly seeking opportunities for career growth.",28,Male,Master’s Degree in Computer Science,Software Developer,Engages in networking events and tech meetups. Maintains an active lifestyle with a gym membership. Follows the latest tech trends and innovations. Enjoys gaming and exploring new gadgets.,Climbing the career ladder in the tech industry. Building a strong professional network. Staying fit and maintaining a healthy lifestyle.,Finding a balance between work commitments and personal life. Keeping up-to-date with rapidly changing technology.,Professional development courses and networking events. Tech and gadget stores offering the latest products. Fitness centers with flexible hours or classes after work hours.
"Monroeville, PA",Retired Veteran - Mr. Johnson,"Mr. Johnson is a 72-year-old retired veteran, enjoying his golden years while staying active in the Monroeville community. He is passionate about gardening and local history.",72,Male,High School,Retired (occasional consulting),Spends time gardening and participating in local gardening clubs. Attends veteran’s affairs events and community gatherings. Enjoys reading about local history and visiting museums.,Maintaining good health and an active lifestyle. Staying connected with fellow veterans and contributing to the community.,Managing age-related health issues. Finding activities and communities that cater to his age group and interests.,Health and wellness programs tailored for seniors. Community gardening clubs or events. Veteran support groups and activities.
"Monroeville, PA",College Student - Tina,"Tina is a 20-year-old college student, juggling her studies, part-time job, and social life. She is passionate about environmental issues and loves to participate in social gatherings.",20,Female,Undergraduate Student,"Student, Part-time Barista",Participates in environmental clubs and campus activities. Works part-time to support herself. Enjoys attending music festivals and social events with friends.,Excelling in her studies and making the most out of her college experience. Advocating for environmental causes and making a difference.,"Balancing her studies, work, and social life. Managing her finances and living on a tight budget.",Affordable and student-friendly products and services. Events and activities that align with environmental causes. Part-time job opportunities with flexible hours.
"Pittsburgh, PA","Emma, The College Student","A vibrant and ambitious young adult navigating her college years, balancing academics and a part-time job, while looking to make the most out of her social life.",21,Female,Currently in college,Part-time barista,"Studies at a local university and works part-time at a coffee shop. Active on social media platforms like Instagram, Snapchat, and TikTok. Enjoys exploring affordable dining and entertainment options. Participates in college events and local festivals.",Aims to graduate with good grades. Looking to build a strong network of friends and professional connections. Desires to find affordable living accommodations.,"Struggles to balance her academic responsibilities with her job. Operates on a limited budget, making affordability a key concern. Feels the pressure to maintain an active social life.","Businesses can offer student discounts and promotions. Brands can engage with her through social media advertising and influencer collaborations. Services that offer convenience, such as food delivery or affordable housing listings, would appeal to her."
"Pittsburgh, PA"," David and Sarah, The Young Family","A young couple navigating parenthood while balancing their careers, aiming to provide a stable and nurturing environment for their children.",30&32,Male & Female,Bachelor’s degrees,"IT Specialist (David), Nurse (Sarah)",Shops at grocery stores and department stores for family needs. Participates in community events and activities suitable for young children. Active on social media platforms like Facebook and Pinterest.,Desire to provide a stable and loving home for their children. Looking to save for their children’s education. Seeking quality family time and engagement in community activities.,Managing work-life balance can be challenging. Finding affordable family-friendly activities and services.,Businesses can offer family packages or promotions. Services that cater to child care or family activities would appeal to them. Community events could focus on creating family-friendly environments.
"Pittsburgh, PA"," Micheal, The Working Professional",A successful attorney in his mid-40s looking to grow his practice while maintaining a balanced and culturally rich lifestyle.,45,Male,Law Degree,Attorney,Works long hours at his law firm. Enjoys fine dining and cultural events around Pittsburgh. Active on professional social media networks like LinkedIn.,Aims to grow his legal practice and reputation. Desires to maintain a healthy and active lifestyle. Seeks cultural enrichment and social networking opportunities.,High-stress levels from work. Finding time for personal development and relaxation.,Businesses offering high-end products and services would appeal to him. Wellness and fitness services could cater to his health-conscious mindset. Cultural events and professional networking opportunities would attract his attention.
"Pittsburgh, PA"," Linda, The Retiree","A retired teacher in her late 60s enjoying her golden years, staying active in the community, and spending quality time with her grandchildren.",67,Female,Master’s Degree in Education,Retired Teacher,Participates in community gardening and local events. Spends time with her grandchildren. Shops at local supermarkets and pharmacies.,Aims to stay physically and mentally active. Desires to contribute to her community. Seeks social interactions and opportunities to connect with others.,Managing healthcare costs on a fixed income. Limited mobility may restrict her activities.,Businesses offering senior discounts and accessible services would appeal to her. Community events could focus on inclusivity and accessibility for older adults. Services that support health and wellness would be attractive to her.
"Greenville, NC",Jessica - The College Student,"Jessica is a 21-year-old junior at East Carolina University, majoring in biology. She lives in a shared apartment near the campus and is very social and active in university life.",21,Female,Undergraduate student,Part-time barista,"Attends campus events and parties. Frequently visits coffee shops to study. Enjoys affordable dining and entertainment options. Active on social media, especially Instagram and Snapchat.",To excel in her studies and maintain a vibrant social life. To find affordable entertainment and dining options. To stay connected with friends and campus events.,Limited budget for entertainment and dining. Balancing social life with academic responsibilities. Finding time for self-care and relaxation.,Businesses can offer student discounts or loyalty programs. Promote affordable events or specials through social media. Engage with students on platforms they are active on and create student ambassador programs.
"Greenville, NC",Michael - The Young Professional,"Michael is a 29-year-old engineer who recently moved to Greenville for his job. He is single, career-focused, and enjoys exploring the local food and drink scene.",29,Male,Bachelor’s Degree in Engineering,Civil Engineer,Attends networking events and local meetups. Enjoys trying out new breweries and restaurants. Engages in outdoor activities and fitness. Active on LinkedIn and uses it for professional development.,To build a strong professional network in Greenville. To find quality dining and entertainment options. To maintain a healthy and active lifestyle.,Finding time to explore the city while balancing work demands. Building a social circle in a new city. Identifying quality businesses and services.,Businesses can host or sponsor networking events. Offer high-quality products and unique experiences. Provide information and resources for newcomers to the city.
"Greenville, NC",Sarah and John - The Family,"Sarah, a 38-year-old teacher, and her husband John, a 40-year-old nurse, live in Greenville with their two young children. They are involved in their community and prioritize family-friendly activities.",38 & 40,Female & Male ,Bachelor’s Degrees in Education (Sarah) and Nursing (John),"Teacher (Sarah), Nurse (John)",Attend school events and community gatherings. Look for family-friendly restaurants and activities. Engaged in local community groups and online forums. Value businesses that support the local community.,To provide a safe and supportive environment for their children. To be involved in their local community. To find family-friendly businesses and services.,Limited time due to work and family responsibilities. Finding activities that are enjoyable for both adults and children. Balancing family life with personal interests.,Businesses can offer family packages or discounts. Promote community involvement and family-friendly events. Support local schools and community initiatives.
"Greenville, NC",Linda - The Retiree,"Linda is a 70-year-old retired school teacher who lives in a quiet neighborhood in Greenville. She is active in her church, enjoys gardening, and attends community events.",70,Female,Master’s Degree in Education,Retired School Teacher,Participates in church activities and community groups. Enjoys gardening and outdoor activities. Attends community events and gatherings. Relies on recommendations from friends and community newsletters.,To stay active and engaged in her community. To maintain her garden and outdoor space. To connect with friends and fellow community members.,Limited mobility and access to transportation. Finding activities and services that cater to her age group. Staying connected in an increasingly digital world.,Businesses can offer senior discounts and accessible services. Promote events and activities that are senior-friendly. Provide information through traditional media channels and community newsletters.
"Greenville, NC",Emily - The Art and Culture Enthusiast,Emily is a 35-year-old graphic designer who is passionate about supporting local artists and attending cultural events. She lives downtown and is always looking for new and exciting experiences.,35,Female,Bachelor’s Degree in Graphic Design,Graphic Designer,"Visits art galleries, theaters, and museums. Attends local events and festivals. Active on social media, especially Instagram and Facebook. Supports local artists and businesses.",To immerse herself in the local art and culture scene. To connect with like-minded individuals. To find unique and artistic experiences.,Finding comprehensive listings of local events and exhibitions. Limited availability of niche artistic products and experiences. Balancing work demands with her interest in arts and culture.,Businesses can promote events and products related to arts and culture. Offer exclusive access or discounts to events for followers. Engage with the local artist community and collaborate on events and products.
"Wexford, PA",The Suburban Family,"The Suburban Family represents a stable, upper-middle-class household living in Wexford, thriving in a supportive community environment, and actively seeking the best for their children and home.",35-45,Mixed,Bachelor’s or Master’s degrees,"Professionals (e.g., managers, executives, doctors)",Shops at premium grocery stores and retailers. Actively involved in their children’s education and extracurricular activities. Prioritizes home improvement and security. Enjoys family vacations and local community events.,Providing a safe and nurturing environment for their children. Maintaining a comfortable and updated home. Building a close-knit community for social support.,Balancing work and family life. Finding quality time to spend with the family. Managing the costs associated with maintaining their lifestyle and home.,Products and services that save time and offer convenience. Community events and activities catering to families. Home improvement and security services. Educational resources and enrichment programs for children.
"Wexford, PA",The Affluent Professional,"The Affluent Professional is a high-earning individual or couple who enjoys the finer things in life, investing in luxury goods, and maintaining an active and healthy lifestyle.",30-50,Mixed,Master’s degree or higher,"High-level executive, lawyer, doctor, entrepreneur",Drives luxury vehicles and shops at high-end retailers. Frequents fine dining establishments and upscale fitness centers. Travels frequently for leisure. Invests in health and wellness products and services.,Achieving and maintaining a successful and prestigious career. Enjoying the rewards of their hard work. Staying fit and healthy. Experiencing the best in life,"High levels of stress from work, finding time for relaxation and personal pursuits, maintaining their high standard of living","Luxury products and services
Exclusive events and memberships
Premium health and wellness services

Travel and leisure services catering to upscale preferences
"
"Wexford, PA",The Active Retiree,"The Active Retiree is enjoying their golden years in Wexford, staying engaged in the community, and focusing on health, leisure, and family.",60 +,Mixed,Varied,Retired,"Attends local events and community gatherings
Engages in outdoor activities and gardening
Spends time with grandchildren
Invests in healthcare products and services","Maintaining good health and an active lifestyle
Building and nurturing family relationships
Giving back to the community","Managing health issues and mobility challenges

Feeling connected and avoiding loneliness

Navigating retirement finances
","Products and services that enhance mobility and health
Community events and groups catering to seniors
Home and garden products and services
Healthcare and wellness programs tailored for seniors"
,,,,,,,,,,
,,,,,,,,,,
,,,,,,,,,,